Obs,h,min,sec,RA,DEC
3,11,40,28,0.939913,18.667717
5,11,48,28,45.025748,35.664741
6,11,52,28,67.886655,36.996583
